node_id,ssh_port
001e06200335,10001
001e06107cc5,10018
001e06107e4c,10019
001e06107d7f,10050
001e061089fa,10027
001e06107ff0,10028
001e061089c0,10030
001e06107d97,10032
001e06108081,10037
001e0610893c,10038
001e06107e5d,10039
001e06200367,10042
001e0610889b,10036
001e061088c8,10046
001e061089e5,10047
001e06200325,10049
001e06200314,50001
001e061080a7,50018
001e06108a8a,50021
001e0610ba72,50027
001e0610bbe9,50028
001e061088a6,50030
001e0610b9fd,50031
001e0610ba37,50034
001e0610b9eb,50036
001e0610b9e1,50037
001e0610ba60,50008
001e0610b9e7,50010
001e0610b9f2,50012
001e0610b9f8,50013
001e06107c9e,50045
001e0620051e,50046
001e0610ba64,50048
001e0610bbf5,50050
001e0610bbed,50051
001e0610ba46,50052
001e0610ba89,50053
001e0610ba93,50054
001e0610ba13,50056
001e0610bc10,50057
001e0610ba51,50058
001e0610ba8b,50059
001e0610ba18,50060
001e0610ba42,50061
001e0610ba81,50062
001e0610ba5c,50064
001e0610ba16,50065
001e0610bbf9,50066
001e0610ba3f,50067
001e0610ba8f,50068
001e0610ba3b,50069
001e0610bbff,50070
001e0610bbe5,50071
001e0610ba67,50072
001e0610b9e9,50073
001e0610b9e5,50074
001e0610b9f6,50075
001e0610c2e9,50076
001e0610bc12,50077
020000000000,50080
020000000001,50081
020000000002,50082
020000000003,50083
020000000004,50084
020000000005,50085
020000000006,50086
020000000007,50087
020000000008,50088
020000000009,50089
02000000000a,50090
02000000000b,50091
02000000000c,50092
02000000000d,50093
02000000000e,50094
02000000000f,50095
001e06200162,50101
001e06107d70,50104
001e0610ba57,50110
001e0610ba01,50111
001e0610bc03,50112
001e0610ba15,50113
001e0610bc09,50114
001e0610e8a7,50117
001e0610f668,50118
001e0610ee38,50119
001e0610ea32,50121
001e0610eb9d,50122
001e0610ba8d,50124
001e0610fb4c,50125
001e0610ef29,50126
001e0610ef7b,50127
001e0610ee99,50128
001e0610e31b,50129
001e0610ef27,50130
001e0610ef66,50131
001e0610ee8d,50132
001e0610c5fa,50134
001e0610c2dd,50135
001e0610ef01,50002
001e0610c2ed,50016
001e0610c2e1,50136
001e0610c2d7,50137
001e0610c6f4,50138
001e0610c2db,50139
001e0610c06b,50140
001e0610c429,50141
001e0610c2df,50142
001e0610c42e,50143
001e0610c2e3,50144
001e0610c2eb,50145
001e0610c042,50146
001e0610c2e5,50147
001e0610c219,50148
001e0610c040,50149
001e0610c0ea,50150
001e0610c069,50151
001e0610f730,50152
001e0610ee55,50153
001e0610fb45,50154
001e061131d3,50155
001e0610f72c,50156
001e0610ee94,50157
001e061131d6,50158
001e0610e53e,50159
001e0610eba3,50160
001e0610ec0c,50161
001e0610f71f,50162
001e0610fb49,50163
001e0610ee96,50164
001e0610eef4,50165
001e0610eef6,50166
001e0610eef0,50167
001e0610e540,50168
001e0610bc07,50169
001e0610ef68,50170
001e0610ee61,50171
001e0610ee41,50172
001e0610ee33,50173
001e0610e809,50174
001e0610ee6f,50175
001e0610eee9,50176
001e061130fe,50177
001e061135c8,50178
001e0610ea5a,50179
001e0610ef26,50180
001e0610ef73,50183
001e0610f725,50184
001e0610f063,50185
001e0610ee5f,50186
001e0610f8f6,50187
001e0610e8cb,50188
001e0610ee36,50189
001e0610f8fd,50190
001e061135cb,50191
001e0610f068,50192
001e0610f8f7,50193
001e0610ee82,50194
001e0610e532,50195
001e0610ee5d,50196
001e0610f029,50197
001e0610ef75,50198
001e0610fc2d,50199
001e0610ef03,50200
001e0610f02f,50201
001e0610e545,50202
001e06113131,50203
001e0610ee43,50204
001e0610e80f,50205
001e0610ee9b,50206
001e0610e547,50207
001e0610e34e,50208
001e0610ef1d,50209
001e0610f6dd,50210
001e0610e538,50211
001e0610f05c,50212
001e0611320d,50213
001e0610f732,50214
001e0610f8f4,50215
001e0610f513,50216
001e061130f4,50217
001e0610e537,50218
001e06113100,50219
001e0610e835,50220
001e0610eef2,50221
001e061089d5,50222
001e0610f703,50223
001e0610e539,50224
001e0610f715,50225
001e061130f7,50226
001e06113a07,50227
001e06113d83,50228
001e0610c044,50229
001e0610c776,50230
001e0610c046,50231
001e0610c0ef,50232
001e0610c762,50233
001e0610c2a9,50234
001e06113d6d,50235
001e0610c2e7,50236
001e0610c03e,50237
001e06115388,50238
001e0610c5ed,50239
001e0610c216,50240
001e06115363,50241
001e0611325e,50242
001e06115365,50243
001e06113ad8,50244
001e06113d30,50245
001e06113d20,50246
001e06115382,50247
001e0610f6db,50248
001e06113107,50249
001e06112e77,50250
001e0610e7fc,50251
001e0611441e,50252
001e061144be,50253
001e0611536a,50254
001e06114503,50255
001e0611462f,50256
001e06115369,50257
001e0611537d,50258
001e06113d78,50259
001e06113cff,50260
001e06113cf1,50261
001e06108a80,50262
001e06109f62,50263
001e061144c0,50264
001e061146d6,50265
001e06113dbc,50266
001e06109dee,50267
001e06113d22,50268
001e06113ae8,50269
001e0610941b,50270
001e06109416,50271
001e061144cd,50272
001e061144d6,50273
001e061146bc,50274
001e06113acb,50275
001e0610890f,50276
001e06114646,50277
001e06113ace,50278
001e061146cb,50279
001e06114fd4,50280
001e06113ad6,50281
001e06113d39,50282
001e06109401,50283
001e061146d4,50284
001e06114500,50000
001e06113f54,50003
001e0611463b,50004
001e06113d32,50005
001e06113ba6,50006
001e0611536c,50007
001e06115379,50009
001e061146ba,50011
001e06113a48,50014
001e061146b8,50015
001e06114640,50017
001e06114fcf,50019
001e06114fd9,50020
001e06114fd6,50022
001e0610ee4c,50023
001e06113d6f,50024
001e0611538f,50025
001e06114631,50026
001e06113ad0,50029
001e06113aa2,50032
001e061088bf,50033
001e061146d3,50035
001e06114645,50038
001e06107fa0,50039
001e06200193,50040
001e0610ee63,50041
001e0610eefa,50042
001e0610ebee,50043
001e0610ef30,50044
001e0610ef0e,50047
001e06113a24,50049
001e061134f3,50055
001e061135c6,50063
